,post_url,query,tags,count
4799010861.0,https://www.instagram.com/p/BTZgFNBBiDC/,#спасибодедузапобеду,"['спасибодедузапобеду', 'помним', 'помнимгордимся', 'георгиевскаяленточка', '1941', '1945', 'великаяотечественнаявойна', 'однанавсех']",6086
3236360707.0,https://www.instagram.com/p/CAIevs1JaTW/,#бессмертныйполк,"['podvig_naroda', 'вов', 'ркка', 'бессмертныйполк', 'ww2', 'ветераны', 'ветеран', '9мая', '9мая2017', 'подвигнарода', 'великаяотечественнаявойна', 'спасибодедузапобеду', 'wartime', 'парадпобеды', 'парадпобеды', 'деньпобеды', 'history', '1941_1945', 'militaryhistory', 'втораямировая', 'родина', 'советскийсоюз', 'war', 'russia', 'фотоархив', 'армия', 'worldwar2']",3960
2660996976.0,https://www.instagram.com/p/BC9wNwDHuQr/,#гордостьроссии,"['mband', 'гордостьроссии', 'поколением', 'семьябандитов', 'армиябандитов', 'бандитынавсегда', 'самыекрутыетерпение', 'артёмпиндюра', 'никитакиоссе', 'самыекрутые']",1420
34122567701.0,https://www.instagram.com/p/B_lnrzdgXee/,#бессмертныйполк,"['победа75', 'бессмертныйполк', 'ұлыжеңіскүнімен', 'нашапобеда', '9мамырпавлодар', 'мәңгілікдаңқ', '9мая', 'жеңіскүні', '1941_1945', 'деньпобеды', '75летпобеды', 'великаяпобеда', 'победа', 'вов', 'памятьбессмертна', 'мывместе', 'память', 'мыпомним', 'творимдобро', 'великаяотечественнаявойна', '75лет_победы', '9мая2020', '9маяденьвеликойпобеды', '9маяпавлодар', 'павлодар', 'pavlodar', 'pavlodarcity', 'pavlodarregion', 'pavlodarnews', 'bessmertnyi_polk_pavlodar']",1208
2812159600.0,https://www.instagram.com/p/BEs-xymx-bM/,#бессмертныйполк2016,"['волонтерыпобеды', 'бессмертныйполк2016', 'тасс', 'бессмертныйполк', 'прессконференция', 'лановой']",1159
1269359150.0,https://www.instagram.com/p/CACbCZgjkcA/,#гордостьроссии,"['гордостьроссии', 'мчс', '25воимяжизни', 'брянск']",1031
34339995658.0,https://www.instagram.com/p/B_mA13KqG_l/,#бессмертныйполкроссии,"['бессмертныйполкого', 'бессмертныйполкодинцовскийгородскойокруг', 'бессмертныйполконлайн', 'бессмертныйполкроссии', 'бессмертныйполк2020', 'оставайсядома', 'домалучше']",952
8099859454.0,https://www.instagram.com/p/CAHrV7mJsST/,#бессмертныйполк,['лица_войны'],861
34143593859.0,https://www.instagram.com/p/B_T4AitnLa3/,#бессмертныйполкдома,"['памятьсильнеевремени_кузбасс', 'moypolkkiselevsk', '75летпобеды', 'бессмертныйполкдома', 'moypolk', 'киселёвск']",731
14190197402.0,https://www.instagram.com/p/CAECr7-gfI5/,#спасибодедузапобеду,"['абазашта', 'абазины', 'абазинский', 'бессмертныйполк', '75летвеликойпобеды', 'спасибодедузапобеду', 'помнимигордимся', 'любимыйабазинскийнарод']",723
2308345453.0,https://www.instagram.com/p/BSEge1cANMt/,#наследникипобеды,"['рдш_дагестан', 'гимназия35', 'минобррд', 'минмолрд', 'волонтерыпобеды', 'управление_образования', 'письмоветерану', 'рцдютк', 'наследникипобеды']",708
5450549397.0,https://www.instagram.com/p/CALYYFoHMVb/,#бессмертныйполк2020,"['спасибочтояживу75', '9мая2020кбр', 'деньпобеды2020', '2020бессмертныйполк', 'никтонезабытничтонезабыто', 'деньпобеды75', 'бессмертныйполк2020', 'бессмертныйполкдома']",694
33172187800.0,https://www.instagram.com/p/B_IUcQlhjPX/,#бессмертныйполкдома,"['бессмертныйполкдома', 'мойполкдома', 'бессмертныйполк2020дз']",644
1990900773.0,https://www.instagram.com/p/CALGpX-h_Wd/,#бессмертныйполкалматы,"['мирбезвойны', '9мая', 'путькпобеде', 'своихгероевнепредаем', 'историястраны', 'бессмертныйполкдома', '19411945', 'великаяотечественнаявойна', 'мойполкдома', 'алматы', 'великаяпобеда', 'нашиаташки', 'бессмертныйполкалматы', 'бессмертныйполк']",617
10942058015.0,https://www.instagram.com/p/BwpMNbugQg5/,#бесмертныйполк,"['уроди', 'мафия', 'беспридел', 'хулиганы2', 'гиопика', 'ганджа', 'вор', 'гангстеры', 'хулиганы', 'братзабрата', 'блатной', 'бандит', 'бандиты', 'наркотики', 'ворывзаконе', 'волки', 'базарунет', 'марихуана', 'скемтытам', 'криминал', 'бесмертныйполк', 'ауе', 'ауежизньворам']",617
8602023690.0,https://www.instagram.com/p/Bn4NC8lBoSw/,#бессмертныйполкло,"['саморазвитие', 'молодежкаонф', 'вп', 'instasize', 'добро', 'сторонникиер', 'мгер', 'актив', 'делайдобро', 'ер', 'мс', 'инициатива', 'дрозденко', 'волхов', 'активнаямолодёжь', 'бессмертныйполк', 'волонтерыпобеды', 'бессмертныйполкло', 'волонтёр', 'фокусники', 'волховскиймо', 'самореализация', 'команда47', 'ленинградскаяобласть', 'ло', 'онф']",566
4203198669.0,https://www.instagram.com/p/BkBTDM-AkDd/,#гордостьроссии,"['esp', 'esp_russia', 'собр', 'омон', 'военный', 'росгвардия', 'спецназ', 'спецназроссии', 'вежливыелюди', 'специальныйотрядбыстрогореагирования', 'антитеррор', 'элита', 'российскаяармия', 'армия', 'армияроссии', 'aktactical', 'specialforces', 'russia', 'sobr', 'army', 'rusarmy', 'гордостьроссии', 'military', 'рабочиемоменты']",511
33533275173.0,https://www.instagram.com/p/B_5VHA6FVxX/,#бесмертныйполконлайн,"['repost', 'бесмертныйполконлайн', 'бессмертныйполктатарстан', 'бессмертныйполктюлячи', 'бессмертныйполктнв']",506
7877030676.0,https://www.instagram.com/p/BslASlcAT-3/,#бессмертный,"['ромалсп', 'ромаангличанин', 'лсп', 'ромасащеко', 'ромажив', 'лспфан', 'бессмертный']",502
3499848319.0,https://www.instagram.com/p/CALis0AHbdE/,#бессмертныйполк2020,"['бессмертныи', 'бессмертныи', 'полконлаи', 'героивои', 'этонужноживымпомните', 'поклонимсявеликимтемгодам', 'подвигнарода', 'чтобыпомнили', 'великаявои', '9мая2020', 'к75летиювеликои', 'годпамятииславы', 'помните', 'онисражалисьзародину', 'история', 'ссср', 'спасибодедузапобеду', 'карантин', 'коронавирус', 'нетфашизму', 'нетвои', 'мынаследникипобеды', 'победныи', 'акция', 'репост', 'этонужнознать', 'георгиевскаялента', '75победа', 'бессмертныи']",496
2923609219.0,https://www.instagram.com/p/CACvUE3gMNy/,#бессмертныйполк,"['кчрдб', 'библиотеканикулина', 'бессмертныйполк', '75летпобеды']",489
7176438479.0,https://www.instagram.com/p/BsnvgOMnW-g/,#спасибодедузапобеду,"['9', 'мая', 'великаяпобеда', 'ветераны', 'помним', 'фейерверк', 'салют', '9мая', '9маяденьпобеды', 'деньпобеды', 'салютпобеды', 'победа', 'великаяотечественнаявойна', '1941', 'салют9мая', '9мая1945', 'спасибодедузапобеду', 'спасибовам', 'никогданезабуду', '1945', 'помнимгордимся', 'май2018', 'весна2018', 'латвия', 'рига']",485
6457686344.0,https://www.instagram.com/p/CALCzbji5Ce/,#бессмертныйполк2020,"['бессмертныйполк', 'бессмертныйполк2020', 'бессмертныйполкроссии']",455
5706832316.0,https://www.instagram.com/p/Bt1B5Gfn0tO/,#спасибодедузапобеду,,441
22838048038.0,https://www.instagram.com/p/B_nSXBWn_pU/,#наследникипобеды,"['75стихововойне', 'рдш', 'наследникипобеды', 'великаяпобеда', 'военныепесни', 'стихиовойне']",427
4314119435.0,https://www.instagram.com/p/CAB5PphoC_r/,#спасибодедузапобеду,"['repost', 'детиовойне', '75летпобеды', 'ветеранвойны', 'спасибодедузапобеду', 'помнимгордимсячтимс', 'repost', 'участвуювконкурсе']",417
4946540791.0,https://www.instagram.com/p/BikTYSjgJzL/,#polk_nalchik,"['repost', 'мчсроссии', 'эвпсо', 'пспнальчик', 'герои', 'гордимся', 'россия', 'ангелы', 'кавказ', 'россоюзспас', 'кбр', 'нальчик', 'эльбрус', 'горы', 'спасатели', 'скфо', 'бессмертныйполк', '07elbrus', 'patriot_kbr', 'polk_nalchik']",396
8521109580.0,https://www.instagram.com/p/CAIXeL5AqFn/,#бессмертныйполк05,['бессмертныи'],382
2898393779.0,https://www.instagram.com/p/B_7mR5oFtdr/,#бессмертныйполконлайн,"['окна_победы', 'бессмертныйполконлайн']",380
16348667723.0,https://www.instagram.com/p/B1MwYGWnoJP/,#бессмертныйполк,"['кириминальныйкруг', 'мафия', 'кириминал', 'тут', 'бас', 'хулиганы', 'бандитскийбегусарай', 'азербайджанскиепесни', 'бандит', 'хулиган', 'бандиты', 'чорнийделфин', 'анаша', 'калашников', 'борода', 'азербайджан', 'бессмертныйполк', 'kriminal_7_7', 'черныйдельфин', 'воровской', 'рувайн', 'братухи', 'туткайф', 'душевно', 'марихуана', 'дагестан', 'хулиганство', 'криминальнаяроссия', 'криминал', 'ауе']",376
2973259511.0,https://www.instagram.com/p/B_jibKRqNUt/,#бессмертныйполконлайн,"['музейкчр', 'бессмертныйполконлайн', '75летпобеды']",361
10367322631.0,https://www.instagram.com/p/B_8GBKYHyCt/,#бессмертныйполконлайн,"['digoria_news', 'осетия', 'алания', 'дигорскийрайон', 'бессмертныйполконлайн']",349
33059303516.0,https://www.instagram.com/p/B_mZ4WwHu2C/,#бессмертныйполконлайн,"['нашбессмертныйполк', 'победа', '9мая', 'вов', 'память', 'культура_кубани', 'библиотекикубани', '75великойпобеды', 'библиотекиейскогорайона', 'бессмертныйполконлайн', 'помнимгордимсячтим']",346
8718381866.0,https://www.instagram.com/p/B_bt0tMn6dc/,#деньпобеды2020,"['конкурс', 'розыгрышпавлодар', 'розыгрыш', '75летпобеды', '9мая', 'деньпобеды', 'деньпобеды2020', 'подаркиказахстан', 'подарок', 'конкурсрисунков']",344
2302424703.0,https://www.instagram.com/p/B_8AM6cH4nn/,#бессмертныйполконлайн,"['окна_победы', 'окнапамяти', 'рдш07', 'кабардинобалкария', 'рдш', '75летпобеды', 'бессмертныйполконлайн']",344
9684418666.0,https://www.instagram.com/p/B_3AbqOFcRM/,#бессмертныйполконлайн,"['бессмертныйполконлайн', 'окнопобеды', 'никтонезабытничтонезабыто', 'мыпомним', '75летпобеды', '9маяденьпобеды', 'мывсеравноскажемспасибо']",342
10424214889.0,https://www.instagram.com/p/B_ZxsKpIYN7/,#бессмертныйполконлайн,"['героймоейсемьи', 'пост1кемерово', 'деньпобеды', '75летпобеды', 'дорогапамяти', 'япомню', 'ягоржусь', 'бессмертныйполконлайн', 'скажемспасибо', 'вахтапобеды']",336
3914634947.0,https://www.instagram.com/p/B_oc4iLlnkH/,#бесмертныйполконлайн,"['repost', 'бесмертныйполктатарстан', 'бесмертныйполконлайн', '75летпобеды', 'рдш', 'сдорт', 'азнакаевскийрайон', 'aznakaevouo', 'vospitaniemoinrt']",335
33942815171.0,https://www.instagram.com/p/B_jI-79gTei/,#бессмертныйполкдома,"['бессмертныйполкарсеньев', 'бессмертныйполкдома', 'бессмертныйполк2020']",333
34588765850.0,https://www.instagram.com/p/B_mM_cJgBJl/,#бессмертныйполк,"['бессмертныйполкшкотовскийрайон', 'культурашкотовскогорайона', 'бессмертныйполк', 'центральное', 'приморскийкрай', 'шкотовскийрайон', 'великаяпобеда', '75победе']",328
33298703159.0,https://www.instagram.com/p/B_6YRZZHWfa/,#бессмертныйполконлайн,"['75летпобеды', '9мая2020', 'сднемпобеды', 'бессмертныйполконлайн', 'бессмертныйполкпавлодар', 'мыпомниммыгордимся']",310
5814411933.0,https://www.instagram.com/p/BXVopooATOf/,#гордостьроссии,"['аллапугачева', 'алла', 'alla', 'allapugacheva', 'женщинакотораяпоет', 'певица', 'нашапевица', 'певицавека', 'гордостьстраны', 'гордостьроссии', 'личность', 'крикдуши', 'лучшаямама']",301
3965979117.0,https://www.instagram.com/p/B_kCcoGFh6y/,#бессмертныйполконлайн,"['чулпановскаясош', 'нурлатвоспитательнаяработа', 'миноброзованиярт', '100тасср', '75летвов', 'бессмертныйполконлайн', 'бессмертныйполктатарстан', 'памятигероев2020', 'волонтерыпобедытатарстана', 'волонтерыпобедынурлата', 'волонтерыпобедычулпаново', 'chulpanovskaiasosh', 'героивеликойпобеды', 'памятигероев2020']",298
9196363411.0,https://www.instagram.com/p/B-Er38Kph8G/,#деньпобеды2020,"['дхш4', 'дхш4саранск', 'любимаяхудожка', 'деньпобеды', 'деньпобеды2020', 'годпамятииславы2020', 'саранск13рм']",296
7563819212.0,https://www.instagram.com/p/B_u2kfjJ-La/,#бессмертныйполккитай,['бессмертныйполккитай'],296
5544690463.0,https://www.instagram.com/p/B_sihQiCuez/,#наследникипобеды,"['учимсядома', 'победа75', 'республикакалмыкия', 'яшалтинскийрайон', 'мывсеравноскажемспасибо', 'литературапобеды', 'наследникипобеды', 'мывсеравноскажемспасибо', 'литературапобеды', 'наследникипобеды']",296
21969974318.0,https://www.instagram.com/p/B_w33e_jXxG/,#деньпобеды2020,"['солдатскийплатокпамяти2020dzr', 'бессмертныйполк2020dzr', 'мыпомним', 'мыгордимся', 'деньпобеды2020', 'regrann']",290
7430656444.0,https://www.instagram.com/p/CACgwXVhwuP/,#деньпобеды,"['великаяпобеда', 'связьпоколений', 'липецкаяобласть', 'становлянскийрайон', 'памятьнарода', 'патриот48', 'патриотцентр48', 'бессмертныйполк', 'деньпобеды', '9мая']",283
34154723477.0,https://www.instagram.com/p/B_mFcNZImXT/,#бесмертныйполконлайн,"['бесмертныйполконлайн', 'бесмертныйполктатарстана', 'славасолдату']",281
33304997075.0,https://www.instagram.com/p/CADBf31KkR1/,#бессмертныйполк,"['урокмужествадистант', 'школаn111', 'музейслужуотечеству', 'бессмертныйполк', 'конкурсрисунков']",280
6988278461.0,https://www.instagram.com/p/CAAHAFkA-cC/,#бесмертныйполконлайн,"['бесмертныйполконлайн', 'бесмертныйполктатарстан', 'нетолько9мая']",278
5546676115.0,https://www.instagram.com/p/B_kFXISl2QG/,#бессмертныйполконлайн,"['75летпобеды', 'деньпобеды', 'победа', 'бессмертныйполконлайн', 'школьникипомнят', 'рдш', 'рдшкбр', 'рдшнальчик', 'рдш25школа']",278
16086213218.0,https://www.instagram.com/p/CAId8WtpOyu/,#бессмертныйполк,"['сталинград', 'волгоград', 'сталинградскаябитва', 'советветерановвгтз', 'великаяпобеда', '9мая', 'спасибодедузапобеду', 'чтобыпомнили', 'никтонезабытничтонезабыто', 'бессмертныйполк']",274
8953556672.0,https://www.instagram.com/p/BrvDH7onO2v/,#гордостьроссии,"['спортжелезноводск', 'спортивныйжелезноводск', 'курортныйжелезноводск', 'наполняйтесьжелезноводском', 'наполняйтесь', 'спортом', 'городкурорт', 'ставропольскийкрай', 'железноводск', 'спортсмены', 'чемпионы', 'нашагордость', 'гордостьроссии']",273
31482491945.0,https://www.instagram.com/p/B_sBgtBA3kl/,#наследникипобеды,"['рдш', 'деньпобеды', 'садпамятидома', 'детивойны', 'окна_победы', 'мывсеравноскажемспасибо', 'наследникипобеды']",268
6067019804.0,https://www.instagram.com/p/BaXQpfmHMxx/,#бессмертный,,267
7185768054.0,https://www.instagram.com/p/By7dB4MHI9C/,#бесмертныйполк,"['уроди', 'jalalabad', 'мафия', 'беспридел', 'хулиганы2018', 'гиопика', 'тюрьма', 'ганджа', 'вор', 'гангстеры', 'хулиганы', 'братзабрата', 'блатной', 'бандит', 'бандиты', 'criminal', 'наркотики', 'chyorni_delfin', 'ворывзаконе', 'armcriminal', 'волки', 'базарунет', 'марихуана', 'скемтытам', 'криминал', 'бесмертныйполк', 'ауе', 'ауежизньворам']",262
4144230081.0,https://www.instagram.com/p/B_4klkPFKsc/,#деньпобеды2020,"['победа75', '9мая', 'деньпобеды', '75летпобеды', 'деньпобеды2020', 'спасибозапобеду', 'мывместе', '75летиепобеды', 'домаспользои', 'стихиовои', 'юнармияпомнит', 'георгиевскаяленточка', 'день_победы', 'помнимгордимся', 'дети', 'танцы', 'творческаямастерскаяаидысадеевои', 'открыткипобеды', 'мыпомниммыгордимся']",261
23178425728.0,https://www.instagram.com/p/B_iX9AvHLD4/,#бессмертныйполконлайн,"['великиестихивеликойпобеды', 'рдш', 'рдшнальчик', 'рдшкбр', 'стихипобедысрдшрдш', 'стихипобедырдш', 'стихивойны', 'стихипобеды', 'стенагероев', 'стенапамяти', 'бессмертныйполконлайн', 'минпросвещениярф', 'минпросвещениякбр']",260
32278197235.0,https://www.instagram.com/p/B_8LVPsgm3B/,#окнапобеды,['окнапобеды'],260
1968207551.0,https://www.instagram.com/p/B_j4bI0AFhH/,#бессмертныйполконлайн,"['repost', 'бессмертныйполк2020', 'бессмертныйполконлайн', 'нашигерои']",258
7366708828.0,https://www.instagram.com/p/CAC_JqRj_HM/,#деньпобеды,"['деньпобеды', 'ноябрьск', 'сургут', 'ишим', 'когалым', 'тобольск', 'нижневартовск', 'хантымансии', 'уренгои', 'тюмень', 'нягань', 'мегион', 'лангепас', 'пытьях', 'ураи', 'лянтор', 'югорск', 'заводоуковск', 'белоярскии', 'излучинск', 'покачи', 'междуреченскии', 'салехард', 'надым', 'муравленко', 'лабытнанги', 'мужи', 'ямбург', 'таркосале', 'ялуторовск']",255
3234868277.0,https://www.instagram.com/p/B_6cXkPgzbu/,#наследникипобеды,"['biblioteka_iraf', 'бессмертныи', 'мои', 'бессмертныи', 'имена', 'рдш', 'наследникипобеды', 'стихиовойне']",254
34130423663.0,https://www.instagram.com/p/B_k60rJJNRc/,#бесмертныйполконлайн,"['бессмертныйполктатарстан', 'бесмертныйполконлайн', 'алькеевскаяцбс', '75летпобеды', 'япобеда', 'алькеевскийрайон', 'базарныематаки']",253
1486639952.0,https://www.instagram.com/p/BFb_CoiTWaN/,#immortalregiment,"['veterans', 'победа', 'novosibirsk', 'вов', 'this_in_novosibirsk', 'деньпобеды', 'nsk_novosibirsk', 'patriot', '9may', 'сибирь54', 'nsk_life', 'celebration', 'новосибирск', 'russia', 'memory', '9мая', 'nskgram', 'память', 'бессмертныйполк', 'патриот', 'nsk', 'праздник', 'портретветерана', 'victoryday', 'siberia', 'tipich_nsk', 'ветераны', 'immortalregiment']",250
4217833857.0,https://www.instagram.com/p/B_U-GFhATAY/,#деньпобеды2020,"['музыка_победы', 'песни_военных_лет', 'деньпобеды2020', '9мая', 'сидимдома', 'мкоусош16']",247
8741496183.0,https://www.instagram.com/p/B_fsDROF29S/,#наследникипобеды,"['сднемвеликойпобеды', 'читаемовойне', 'дистанционноеобучение', 'сидимдома', 'мывсеравноскажемспасибо', 'наследникипобеды', 'литературапобеды', 'четверка', 'четверкалучшая', 'первоклашка']",243
4174273407.0,https://www.instagram.com/p/B_jaIf3oKse/,#бессмертныйполконлайн,"['75летпобеды', 'деньпобеды', 'победа', 'бессмертныйполконлайн', 'школьникипомнят', 'рдш', 'рдшкбр', 'рдшнальчик', 'рдш20школа', 'regrann']",237
6237495808.0,https://www.instagram.com/p/Bn60PXOnTBC/,#шествие,"['mountains', 'hike', 'tourism', 'love', 'photography', 'beautiful', 'fun', 'guide', 'travel', 'sand', 'colorful', 'tour', 'adventure', 'roadtri', '旅行', 'viaje', 'world', 'voyage', 'high', 'reisen', '여행', 'سفر', 'viagem', 'traveling', 'шествие', 'traveling']",236
3471600407.0,https://www.instagram.com/p/BH6jsMkBEdG/,#наследникипобеды,"['любляна2016', 'ягражданинподмосковья', 'наследникипобеды']",235
26181074173.0,https://www.instagram.com/p/B_73KinIkVL/,#бесмертныйполк,"['победавнас61', 'красносулинскийрайон', 'бесмертныйполк', 'победавнас61', 'красносулинскийрайон']",231
3173179690.0,https://www.instagram.com/p/Bi42DbBhUuY/,#спасибодедузапобеду,"['япомнюягоржусь', 'спасибодедузапобеду', 'герой', 'вечнаяпамять', 'бессмертныйполк']",228
4532672853.0,https://www.instagram.com/p/Bw6lpQgHjX9/,#бессмертныйполк,"['армия', 'оружие', 'бизнес', 'война', 'история', 'берлин', 'победа', 'штурм', 'лондон', 'фронт', '9мая', 'курск', 'ленинград', 'ссср', 'штурм', 'москва', 'ростов', 'политика', 'герои', 'сша', 'хайп', 'звезда', 'снаряжение', 'взрыв', 'рейхстаг', 'пулемет', 'договор', 'бессмертныйполк']",226
295476289.0,https://www.instagram.com/p/CADcI1kCy4a/,#памятьнарода,"['памятьнарода', 'спасибовам', '9мая']",225
19380132978.0,https://www.instagram.com/p/CADqicvhZu3/,#спасибодедузапобеду,"['дневникмоегодедушки', 'дневникмоегодеда', 'дневникветерана', 'дневникдедаолега', 'дедушкаолег', 'дневникдеда', 'жизньветерана', 'спасибодедузапобеду', 'спасибодеду', 'жизньпенсионеров', 'жизньпенсионера', 'простаяжизнь', 'простожизнь', 'девяностые', 'год1998']",225
3412241830.0,https://www.instagram.com/p/B_zw6Rvp6mb/,#бессмертныйполк,"['бессмертныйполк', 'бессмертныйполкякутия']",223
3140569297.0,https://www.instagram.com/p/BGyJWrzwypA/,#гордостьроссии,"['полинагагарина', 'гагара', 'гагаринапоехали', 'полина', 'лучшаяпевица', 'любимоченьсильно', 'гагаринцысила', 'гагаринцысемья', 'нашагордость', 'нашакоролева', 'гордостьроссии', 'gagarinatur', 'gagara1987', 'polinagagarina', 'lovegagarina']",221
34872480074.0,https://www.instagram.com/p/B_9wEskJwWu/,#помнимгордимся,"['ykt_sakha', 'республикасаха', 'республикасахаякутия', 'якутия', 'память', 'помнимгордимся', 'бессмертныи', 'бессмертныи', 'бессмертныи', 'бессмертныи', 'домалучше', 'сидимдома', 'деньпобеды', '9мая', 'сэрии', 'сахасирэ', 'улуукыаи', 'бессмертныи']",219
1057083514.0,https://www.instagram.com/p/B__DFWCgGDk/,#деньпобеды,"['муфтиятрд', 'поздравление', 'деньпобеды', '9мая', 'вов', 'ветераны']",219
7021110407.0,https://www.instagram.com/p/BgZfz7rAyNV/,#спасибодедузапобеду,"['великаявойна', 'вов', 'историявов', 'историявтороймировой', 'подвигнарода', 'онисражалисьзародину', 'защитник', 'защитники', 'защитникиродины', 'ссср', 'слава', 'честь', 'военнослужащие', 'нашаистория', 'краснаяармия', '19411945', 'священнаявойна', 'победазанами', 'победабудетзанами', 'люблюродину', 'спасибодеду', 'спасибодедузапобеду', 'спраздником', 'гордость', 'бронетехника', 'великийрусскийнарод', 'славароссии', 'отечество', 'смелость', 'отвага']",217
33209091802.0,https://www.instagram.com/p/B_WXHLmDEVx/,#спасибодедузапобеду,"['мойбессмертныйполкбелово', '75летпобеды', 'годпамятииславы', 'вов', 'спасибодедузапобеду', 'спасибзапобеду', '9мая1945', 'мыпобедили', 'спасибовам', 'великая', 'поинимгордимся', 'никогданезабуду', 'япомнюягоржусь']",216
7123414094.0,https://www.instagram.com/p/CAFLxEtI4ha/,#бессмертныйполк,"['цдо', 'кошехабльскийрайон', 'бессмертныйполк01', 'бессмертныйполк', 'бессмертныйполконлайн01', 'бессмертныйполконлайн', 'знатьчтобыпомнить', 'годпамятииславы', 'волонтерыпобеды', 'волонтерыпобеды01', 'мывместе', 'мывместе01', 'республикаадыгея']",215
11523441053.0,https://www.instagram.com/p/B_nkVsohY8e/,#бесмертныйполк,"['chyorni_delfin', 'armcriminal', 'кабан', 'criminal', 'криминал', 'гангстеры', 'бандит', 'бандиты', 'ауе', 'ауежизньворам', 'скемтытам', 'хулиганы2', 'хулиганы', 'блатной', 'ворывзаконе', 'вор', 'ганджа', 'марихуана', 'мафия', 'братзабрата', 'тюрьма', 'базарунет', 'наркотики', 'уроди', 'гиопика', 'волки', 'беспридел', 'бесмертныйполк', 'кабан']",213
9235528026.0,https://www.instagram.com/p/B_vOkP8CI19/,#наследникипобеды,"['рдш', 'мыпомним08', 'рдш08', 'мывсеравноскажемспасибо', 'литературапобеды', 'наследникипобеды']",212
32418764818.0,https://www.instagram.com/p/B_ok4DDCbJL/,#бессмертныйполк,"['бессмертныйполк', '9мая', '75летпобеды', 'годпамятииславы', 'баговская_сб']",210
19571026330.0,https://www.instagram.com/p/B_l8r8egYYT/,#бессмертныйполкроссии,"['талантливыедети', 'бессмертныйполк', 'бессмертныйполконлайн', '75летиепобеды', 'деньпобеды', '75победачелны', 'япомню', 'ягоржусь', 'правнукипобедителей', 'бессмертныйполктатарстан', 'бессмертныйполкчелны', 'бессмертныйполкказань', 'бессмертныйполкроссии']",209
16465991742.0,https://www.instagram.com/p/B1WmNkopJae/,#бесмертныйполк,"['уроди', 'мафия', 'беспридел', 'хулиганы2', 'гиопика', 'ганджа', 'вор', 'гангстеры', 'хулиганы', 'братзабрата', 'блатной', 'бандит', 'бандиты', 'наркотики', 'ворывзаконе', 'волки', 'базарунет', 'марихуана', 'скемтытам', 'криминал', 'бесмертныйполк', 'ауе', 'ауежизньворам']",205
6287576354.0,https://www.instagram.com/p/B_Zz1Ntgx7u/,#наследникипобеды,"['марафонпобеды', 'яксатовскаясош', 'приволжскийрайон', 'наследникипобеды']",204
11688675709.0,https://www.instagram.com/p/BxPNttVn79Q/,#спасибодедузапобеду,"['9мая', 'спасибодедузапобеду']",204
10805254055.0,https://www.instagram.com/p/B_nVtpzlKd_/,#наследникипобеды,"['рдш', 'мывсеравноскажемспасибо', 'внукипобеды', 'наследникипобеды']",202
34406929983.0,https://www.instagram.com/p/B_wjtuenf-D/,#наследникипобеды,"['рдш', 'наследникипобеды', 'военныепесни', 'рдш', 'наследникипобеды', 'стихиовойне', 'наследникипобеды', 'военныепесни', 'стихиовойне', 'деньпобеды', '9мая', 'школа_5_нальчик', 'рдш07', 'рдш_нальчик']",199
32405970275.0,https://www.instagram.com/p/B_k4kd7gnkz/,#спасибодедузапобеду,"['песниистихипобедынашей', 'нашапобеда', 'рдш_дагестан', 'подписка', 'лайки', 'взаимныелайки', 'фоловер', 'доброцентр05', 'развивайся', 'школьники', 'top', 'instagram', 'instabook', 'рекомендации', 'творидобро', 'развитие', 'дагестан', 'рдш', 'добронеуходитнаканикулы', '75летпобеды', 'рдш_буйнакск', 'спасибодедузапобеду', 'сидимдома', 'школа9', 'мбоусош9буйнакск', 'школа9буйнакск', 'образование', '75летпобеды', 'россия2020']",191
11703607923.0,https://www.instagram.com/p/CAENgSlodVZ/,#бессмертныйполк,"['читаем_о_войне_с_граубинкой', 'стихи', 'стих', 'стихотворение', 'стихиолюбви', 'стихотворения', 'стихии', 'стихиожизни', 'стихи21века', 'стихипролюбовь', 'стихотворцы', 'читаючтохочу', 'читаюкакмогу', 'открытьдушу', 'душапросит', 'ахматова', 'асадов', 'современныестихи', 'классика', 'читаючтохочу', 'библиотекарь', 'библиотека', 'чита', 'забайкалье', 'марафон', 'конкурс', 'война', 'бессмертныйполк', '75летпобеды', 'литературапобеды']",191
3473182373.0,https://www.instagram.com/p/CADUdAzjShb/,#бессмертныйполк,"['блокадныйадрес', 'olgettler', 'москва', 'петербург', 'ленинград', 'блокада', 'вов', 'бессмертныйполк', 'ищучеловека', 'память', 'instagram', 'instagramrussia', 'russia_ww', 'russia', 'инстаграмнедели']",191
30161093602.0,https://www.instagram.com/p/CACjQyqKZn1/,#спасибодедузапобеду,"['repost', 'спасибодедузапобеду', 'вов', '19411945', '75летпобеды', 'спасибодедузапобеду', 'курахскийрайон', 'республикадагестан', 'паркпобеды', 'бессмертныйполк', 'памятигероев', 'вечныйогонь', 'детипротиввойны']",189
22966554866.0,https://www.instagram.com/p/B_j5O_NFEKr/,#бессмертныйполконлайн,"['школьникипомнят', 'рдш', 'рдшкбр', 'рдшнальчик', 'бессмертныйполконлайн', 'рдш20школа', 'regrann']",189
3047075073.0,https://www.instagram.com/p/B__0pX0nBhW/,#деньпобеды,"['кубинка', 'деньпобеды', 'русскиевитязи', 'стрижи', 'су30', 'земцов', 'депутат']",189
8581672723.0,https://www.instagram.com/p/Bppfq19lmu_/,#наследникипобеды,"['самаялюбимаясош23', 'школьныйлагерь', 'наследникипобеды']",188
27851685060.0,https://www.instagram.com/p/B_kmaQ9gA2L/,#бессмертныйполконлайн,['бессмертныйполконлайн'],188
6015266120.0,https://www.instagram.com/p/B4zKzzRquCG/,#наследникипобеды,"['ансамбль', 'ддютдербент', 'дворецтворчества', 'дети', 'песни', 'танцы', 'культура', 'фестивальпобеды', 'наследникипобеды', 'конкурс', 'смотрфестиваль', 'победавов', 'великаяпобеда', 'отечественнаявойна', 'жюри', 'номинации', 'вокал', 'танцы', 'песни', 'приобщаемсяккультуре', 'праздник', 'ддют', 'дербент', 'главадербента', 'абакаровхизри', 'дагестан', 'дербент2000', 'дербентлучшийгород', 'гуодербент']",188
